<?xml version="1.0" encoding="UTF-8"?>
<TreeList xmlns:xsi="http://www.w3.org/2001/XMLSchema-instance" xmlns:xsd="http://www.w3.org/2001/XMLSchema"><Columns><Column><ColumnName>ID</ColumnName><ColumnType>Bound</ColumnType></Column><Column><ColumnName>PID</ColumnName><ColumnType>Bound</ColumnType></Column><Column><ColumnName>FIELD_CODE</ColumnName><ColumnType>Bound</ColumnType></Column><Column><ColumnName>IND1</ColumnName><ColumnType>Bound</ColumnType></Column><Column><ColumnName>IND2</ColumnName><ColumnType>Bound</ColumnType></Column><Column><ColumnName>TITLE</ColumnName><ColumnType>Bound</ColumnType></Column><Column><ColumnName>DATA</ColumnName><ColumnType>Bound</ColumnType></Column><Column><ColumnName>ADD</ColumnName><ColumnType>Bound</ColumnType></Column><Column><ColumnName>DELETE</ColumnName><ColumnType>Bound</ColumnType></Column><Column><ColumnName>REPEATABLE</ColumnName><ColumnType>Bound</ColumnType></Column></Columns><Nodes><Node Id="0" ParentId="-1"><NodeData><Cell xsi:type="string">010</Cell><Cell xsi:nil="true"></Cell><Cell xsi:type="string">010</Cell><Cell xsi:type="string">#</Cell><Cell xsi:type="string">#</Cell><Cell xsi:type="string">LIBRARY OF CONGRESS CONTROL NUMBER</Cell><Cell xsi:nil="true"></Cell><Cell xsi:nil="true"></Cell><Cell xsi:nil="true"></Cell><Cell xsi:type="decimal">0</Cell></NodeData></Node><Node Id="1" ParentId="0"><NodeData><Cell xsi:type="string">010.a</Cell><Cell xsi:type="string">010</Cell><Cell xsi:type="string">a</Cell><Cell xsi:nil="true"></Cell><Cell xsi:nil="true"></Cell><Cell xsi:type="string">LC control number</Cell><Cell xsi:type="string">PR1309.H55.B85 2002</Cell><Cell xsi:nil="true"></Cell><Cell xsi:nil="true"></Cell><Cell xsi:type="decimal">0</Cell></NodeData></Node><Node Id="2" ParentId="0"><NodeData><Cell xsi:type="string">010.c</Cell><Cell xsi:type="string">010</Cell><Cell xsi:type="string">c</Cell><Cell xsi:nil="true"></Cell><Cell xsi:nil="true"></Cell><Cell xsi:type="string">Main Subject</Cell><Cell xsi:type="string">PR</Cell><Cell xsi:nil="true"></Cell><Cell xsi:nil="true"></Cell><Cell xsi:type="decimal">0</Cell></NodeData></Node><Node Id="3" ParentId="0"><NodeData><Cell xsi:type="string">010.n</Cell><Cell xsi:type="string">010</Cell><Cell xsi:type="string">n</Cell><Cell xsi:nil="true"></Cell><Cell xsi:nil="true"></Cell><Cell xsi:type="string">Subdivided Subject</Cell><Cell xsi:type="string">1309</Cell><Cell xsi:nil="true"></Cell><Cell xsi:nil="true"></Cell><Cell xsi:type="decimal"><_value>1</_value></Cell></NodeData></Node><Node Id="4" ParentId="0"><NodeData><Cell xsi:type="string">010.s</Cell><Cell xsi:type="string">010</Cell><Cell xsi:type="string">s</Cell><Cell xsi:nil="true"></Cell><Cell xsi:nil="true"></Cell><Cell xsi:type="string">Author Sign</Cell><Cell xsi:type="string">.B85</Cell><Cell xsi:nil="true"></Cell><Cell xsi:nil="true"></Cell><Cell xsi:type="decimal">1</Cell></NodeData></Node><Node Id="5" ParentId="-1"><NodeData><Cell xsi:type="string">020</Cell><Cell xsi:nil="true"></Cell><Cell xsi:type="string">020</Cell><Cell xsi:type="string">#</Cell><Cell xsi:type="string">#</Cell><Cell xsi:type="string">INTERNATIONAL STANDARD BOOK NUMBER</Cell><Cell xsi:nil="true"></Cell><Cell xsi:nil="true"></Cell><Cell xsi:nil="true"></Cell><Cell xsi:type="decimal">0</Cell></NodeData></Node><Node Id="6" ParentId="5"><NodeData><Cell xsi:type="string">020.a</Cell><Cell xsi:type="string">020</Cell><Cell xsi:type="string">a</Cell><Cell xsi:nil="true"></Cell><Cell xsi:nil="true"></Cell><Cell xsi:type="string">International Standard Book Number</Cell><Cell xsi:type="string">5783604984</Cell><Cell xsi:nil="true"></Cell><Cell xsi:nil="true"></Cell><Cell xsi:type="decimal">0</Cell></NodeData></Node><Node Id="7" ParentId="5"><NodeData><Cell xsi:type="string">020.c</Cell><Cell xsi:type="string">020</Cell><Cell xsi:type="string">c</Cell><Cell xsi:nil="true"></Cell><Cell xsi:nil="true"></Cell><Cell xsi:type="string">Terms of availability</Cell><Cell xsi:nil="true"></Cell><Cell xsi:nil="true"></Cell><Cell xsi:nil="true"></Cell><Cell xsi:type="decimal">0</Cell></NodeData></Node><Node Id="8" ParentId="5"><NodeData><Cell xsi:type="string">020.z</Cell><Cell xsi:type="string">020</Cell><Cell xsi:type="string">z</Cell><Cell xsi:nil="true"></Cell><Cell xsi:nil="true"></Cell><Cell xsi:type="string">Canceled/invalid ISBN</Cell><Cell xsi:nil="true"></Cell><Cell xsi:nil="true"></Cell><Cell xsi:nil="true"></Cell><Cell xsi:type="decimal">1</Cell></NodeData></Node><Node Id="9" ParentId="-1"><NodeData><Cell xsi:type="string">040</Cell><Cell xsi:nil="true"></Cell><Cell xsi:type="string">040</Cell><Cell xsi:type="string">#</Cell><Cell xsi:type="string">#</Cell><Cell xsi:type="string">CATALOGING SOURCE</Cell><Cell xsi:nil="true"></Cell><Cell xsi:nil="true"></Cell><Cell xsi:nil="true"></Cell><Cell xsi:type="decimal">0</Cell></NodeData></Node><Node Id="10" ParentId="9"><NodeData><Cell xsi:type="string">040.a</Cell><Cell xsi:type="string">040</Cell><Cell xsi:type="string">a</Cell><Cell xsi:nil="true"></Cell><Cell xsi:nil="true"></Cell><Cell xsi:type="string">Original cataloging agency</Cell><Cell xsi:nil="true"></Cell><Cell xsi:nil="true"></Cell><Cell xsi:nil="true"></Cell><Cell xsi:type="decimal">0</Cell></NodeData></Node><Node Id="11" ParentId="9"><NodeData><Cell xsi:type="string">040.c</Cell><Cell xsi:type="string">040</Cell><Cell xsi:type="string">c</Cell><Cell xsi:nil="true"></Cell><Cell xsi:nil="true"></Cell><Cell xsi:type="string">Transcribing agency</Cell><Cell xsi:nil="true"></Cell><Cell xsi:nil="true"></Cell><Cell xsi:nil="true"></Cell><Cell xsi:type="decimal">0</Cell></NodeData></Node><Node Id="12" ParentId="9"><NodeData><Cell xsi:type="string">040.d</Cell><Cell xsi:type="string">040</Cell><Cell xsi:type="string">d</Cell><Cell xsi:nil="true"></Cell><Cell xsi:nil="true"></Cell><Cell xsi:type="string">Modifying agency</Cell><Cell xsi:nil="true"></Cell><Cell xsi:nil="true"></Cell><Cell xsi:nil="true"></Cell><Cell xsi:type="decimal">1</Cell></NodeData></Node><Node Id="13" ParentId="-1"><NodeData><Cell xsi:type="string">080</Cell><Cell xsi:nil="true"></Cell><Cell xsi:type="string">080</Cell><Cell xsi:type="string">#</Cell><Cell xsi:type="string">#</Cell><Cell xsi:type="string">UNIVERSAL DECIMAL CLASSIFICATION NUMBER</Cell><Cell xsi:nil="true"></Cell><Cell xsi:nil="true"></Cell><Cell xsi:nil="true"></Cell><Cell xsi:type="decimal">0</Cell></NodeData></Node><Node Id="14" ParentId="13"><NodeData><Cell xsi:type="string">080.a</Cell><Cell xsi:type="string">080</Cell><Cell xsi:type="string">a</Cell><Cell xsi:nil="true"></Cell><Cell xsi:nil="true"></Cell><Cell xsi:type="string">Universal Decimal Classification number</Cell><Cell xsi:nil="true"></Cell><Cell xsi:nil="true"></Cell><Cell xsi:nil="true"></Cell><Cell xsi:type="decimal">0</Cell></NodeData></Node><Node Id="15" ParentId="-1"><NodeData><Cell xsi:type="string">082</Cell><Cell xsi:nil="true"></Cell><Cell xsi:type="string">082</Cell><Cell xsi:type="string">#</Cell><Cell xsi:type="string">#</Cell><Cell xsi:type="string">DEWEY DECIMAL CLASSIFICATION NUMBER</Cell><Cell xsi:nil="true"></Cell><Cell xsi:nil="true"></Cell><Cell xsi:nil="true"></Cell><Cell xsi:type="decimal">0</Cell></NodeData></Node><Node Id="16" ParentId="15"><NodeData><Cell xsi:type="string">082.2</Cell><Cell xsi:type="string">082</Cell><Cell xsi:type="string">2</Cell><Cell xsi:nil="true"></Cell><Cell xsi:nil="true"></Cell><Cell xsi:type="string">Edition number</Cell><Cell xsi:nil="true"></Cell><Cell xsi:nil="true"></Cell><Cell xsi:nil="true"></Cell><Cell xsi:type="decimal">0</Cell></NodeData></Node><Node Id="17" ParentId="15"><NodeData><Cell xsi:type="string">082.6</Cell><Cell xsi:type="string">082</Cell><Cell xsi:type="string">6</Cell><Cell xsi:nil="true"></Cell><Cell xsi:nil="true"></Cell><Cell xsi:type="string">Linkage</Cell><Cell xsi:nil="true"></Cell><Cell xsi:nil="true"></Cell><Cell xsi:nil="true"></Cell><Cell xsi:type="decimal">0</Cell></NodeData></Node><Node Id="18" ParentId="15"><NodeData><Cell xsi:type="string">082.8</Cell><Cell xsi:type="string">082</Cell><Cell xsi:type="string">8</Cell><Cell xsi:nil="true"></Cell><Cell xsi:nil="true"></Cell><Cell xsi:type="string">Field link and sequence number</Cell><Cell xsi:nil="true"></Cell><Cell xsi:nil="true"></Cell><Cell xsi:nil="true"></Cell><Cell xsi:type="decimal">1</Cell></NodeData></Node><Node Id="19" ParentId="15"><NodeData><Cell xsi:type="string">082.a</Cell><Cell xsi:type="string">082</Cell><Cell xsi:type="string">a</Cell><Cell xsi:nil="true"></Cell><Cell xsi:nil="true"></Cell><Cell xsi:type="string">Classification number</Cell><Cell xsi:nil="true"></Cell><Cell xsi:nil="true"></Cell><Cell xsi:nil="true"></Cell><Cell xsi:type="decimal">1</Cell></NodeData></Node><Node Id="20" ParentId="15"><NodeData><Cell xsi:type="string">082.b</Cell><Cell xsi:type="string">082</Cell><Cell xsi:type="string">b</Cell><Cell xsi:nil="true"></Cell><Cell xsi:nil="true"></Cell><Cell xsi:type="string">Item number</Cell><Cell xsi:nil="true"></Cell><Cell xsi:nil="true"></Cell><Cell xsi:nil="true"></Cell><Cell xsi:type="decimal">0</Cell></NodeData></Node><Node Id="21" ParentId="15"><NodeData><Cell xsi:type="string">082.m</Cell><Cell xsi:type="string">082</Cell><Cell xsi:type="string">m</Cell><Cell xsi:nil="true"></Cell><Cell xsi:nil="true"></Cell><Cell xsi:type="string">Standard or optional designation</Cell><Cell xsi:nil="true"></Cell><Cell xsi:nil="true"></Cell><Cell xsi:nil="true"></Cell><Cell xsi:type="decimal">0</Cell></NodeData></Node><Node Id="22" ParentId="15"><NodeData><Cell xsi:type="string">082.q</Cell><Cell xsi:type="string">082</Cell><Cell xsi:type="string">q</Cell><Cell xsi:nil="true"></Cell><Cell xsi:nil="true"></Cell><Cell xsi:type="string">Assigning agency</Cell><Cell xsi:nil="true"></Cell><Cell xsi:nil="true"></Cell><Cell xsi:nil="true"></Cell><Cell xsi:type="decimal">0</Cell></NodeData></Node><Node Id="23" ParentId="-1"><NodeData><Cell xsi:type="string">100</Cell><Cell xsi:nil="true"></Cell><Cell xsi:type="string">100</Cell><Cell xsi:type="string">#</Cell><Cell xsi:type="string">#</Cell><Cell xsi:type="string">MAIN ENTRY--PERSONAL NAME</Cell><Cell xsi:nil="true"></Cell><Cell xsi:nil="true"></Cell><Cell xsi:nil="true"></Cell><Cell xsi:type="decimal">0</Cell></NodeData></Node><Node Id="24" ParentId="23"><NodeData><Cell xsi:type="string">100.a</Cell><Cell xsi:type="string">100</Cell><Cell xsi:type="string">a</Cell><Cell xsi:nil="true"></Cell><Cell xsi:nil="true"></Cell><Cell xsi:type="string">Personal name</Cell><Cell xsi:type="string">Bullimore Tom</Cell><Cell xsi:nil="true"></Cell><Cell xsi:nil="true"></Cell><Cell xsi:type="decimal">0</Cell></NodeData></Node><Node Id="25" ParentId="23"><NodeData><Cell xsi:type="string">100.b</Cell><Cell xsi:type="string">100</Cell><Cell xsi:type="string">b</Cell><Cell xsi:nil="true"></Cell><Cell xsi:nil="true"></Cell><Cell xsi:type="string">Numeration</Cell><Cell xsi:nil="true"></Cell><Cell xsi:nil="true"></Cell><Cell xsi:nil="true"></Cell><Cell xsi:type="decimal">0</Cell></NodeData></Node><Node Id="26" ParentId="23"><NodeData><Cell xsi:type="string">100.c</Cell><Cell xsi:type="string">100</Cell><Cell xsi:type="string">c</Cell><Cell xsi:nil="true"></Cell><Cell xsi:nil="true"></Cell><Cell xsi:type="string">Titles and words associated with a name</Cell><Cell xsi:type="string">1</Cell><Cell xsi:nil="true"></Cell><Cell xsi:nil="true"></Cell><Cell xsi:type="decimal"><_value>1</_value></Cell></NodeData></Node><Node Id="27" ParentId="23"><NodeData><Cell xsi:type="string">100.d</Cell><Cell xsi:type="string">100</Cell><Cell xsi:type="string">d</Cell><Cell xsi:nil="true"></Cell><Cell xsi:nil="true"></Cell><Cell xsi:type="string">Dates associated with a name</Cell><Cell xsi:nil="true"></Cell><Cell xsi:nil="true"></Cell><Cell xsi:nil="true"></Cell><Cell xsi:type="decimal">0</Cell></NodeData></Node><Node Id="28" ParentId="23"><NodeData><Cell xsi:type="string">100.q</Cell><Cell xsi:type="string">100</Cell><Cell xsi:type="string">q</Cell><Cell xsi:nil="true"></Cell><Cell xsi:nil="true"></Cell><Cell xsi:type="string">Fuller form of name</Cell><Cell xsi:nil="true"></Cell><Cell xsi:nil="true"></Cell><Cell xsi:nil="true"></Cell><Cell xsi:type="decimal">0</Cell></NodeData></Node><Node Id="29" ParentId="-1"><NodeData><Cell xsi:type="string">130</Cell><Cell xsi:nil="true"></Cell><Cell xsi:type="string">130</Cell><Cell xsi:type="string">#</Cell><Cell xsi:type="string">#</Cell><Cell xsi:type="string">MAIN ENTRY--UNIFORM TITLE</Cell><Cell xsi:nil="true"></Cell><Cell xsi:nil="true"></Cell><Cell xsi:nil="true"></Cell><Cell xsi:type="decimal">0</Cell></NodeData></Node><Node Id="30" ParentId="29"><NodeData><Cell xsi:type="string">130.a</Cell><Cell xsi:type="string">130</Cell><Cell xsi:type="string">a</Cell><Cell xsi:nil="true"></Cell><Cell xsi:nil="true"></Cell><Cell xsi:type="string">Uniform title</Cell><Cell xsi:nil="true"></Cell><Cell xsi:nil="true"></Cell><Cell xsi:nil="true"></Cell><Cell xsi:type="decimal">0</Cell></NodeData></Node><Node Id="31" ParentId="29"><NodeData><Cell xsi:type="string">130.f</Cell><Cell xsi:type="string">130</Cell><Cell xsi:type="string">f</Cell><Cell xsi:nil="true"></Cell><Cell xsi:nil="true"></Cell><Cell xsi:type="string">Date of a work</Cell><Cell xsi:nil="true"></Cell><Cell xsi:nil="true"></Cell><Cell xsi:nil="true"></Cell><Cell xsi:type="decimal">0</Cell></NodeData></Node><Node Id="32" ParentId="29"><NodeData><Cell xsi:type="string">130.l</Cell><Cell xsi:type="string">130</Cell><Cell xsi:type="string">l</Cell><Cell xsi:nil="true"></Cell><Cell xsi:nil="true"></Cell><Cell xsi:type="string">Language of a work</Cell><Cell xsi:nil="true"></Cell><Cell xsi:nil="true"></Cell><Cell xsi:nil="true"></Cell><Cell xsi:type="decimal">0</Cell></NodeData></Node><Node Id="33" ParentId="29"><NodeData><Cell xsi:type="string">130.p</Cell><Cell xsi:type="string">130</Cell><Cell xsi:type="string">p</Cell><Cell xsi:nil="true"></Cell><Cell xsi:nil="true"></Cell><Cell xsi:type="string">Name of part/section of a work</Cell><Cell xsi:nil="true"></Cell><Cell xsi:nil="true"></Cell><Cell xsi:nil="true"></Cell><Cell xsi:type="decimal">1</Cell></NodeData></Node><Node Id="34" ParentId="29"><NodeData><Cell xsi:type="string">130.s</Cell><Cell xsi:type="string">130</Cell><Cell xsi:type="string">s</Cell><Cell xsi:nil="true"></Cell><Cell xsi:nil="true"></Cell><Cell xsi:type="string">Version</Cell><Cell xsi:nil="true"></Cell><Cell xsi:nil="true"></Cell><Cell xsi:nil="true"></Cell><Cell xsi:type="decimal">1</Cell></NodeData></Node><Node Id="35" ParentId="29"><NodeData><Cell xsi:type="string">240.a</Cell><Cell xsi:type="string">240</Cell><Cell xsi:type="string">a</Cell><Cell xsi:nil="true"></Cell><Cell xsi:nil="true"></Cell><Cell xsi:type="string">Uniform title</Cell><Cell xsi:nil="true"></Cell><Cell xsi:nil="true"></Cell><Cell xsi:nil="true"></Cell><Cell xsi:type="decimal">0</Cell></NodeData></Node><Node Id="36" ParentId="29"><NodeData><Cell xsi:type="string">240.f</Cell><Cell xsi:type="string">240</Cell><Cell xsi:type="string">f</Cell><Cell xsi:nil="true"></Cell><Cell xsi:nil="true"></Cell><Cell xsi:type="string">Date of a work</Cell><Cell xsi:nil="true"></Cell><Cell xsi:nil="true"></Cell><Cell xsi:nil="true"></Cell><Cell xsi:type="decimal">0</Cell></NodeData></Node><Node Id="37" ParentId="29"><NodeData><Cell xsi:type="string">240.l</Cell><Cell xsi:type="string">240</Cell><Cell xsi:type="string">l</Cell><Cell xsi:nil="true"></Cell><Cell xsi:nil="true"></Cell><Cell xsi:type="string">Language of a work</Cell><Cell xsi:nil="true"></Cell><Cell xsi:nil="true"></Cell><Cell xsi:nil="true"></Cell><Cell xsi:type="decimal">0</Cell></NodeData></Node><Node Id="38" ParentId="-1"><NodeData><Cell xsi:type="string">245</Cell><Cell xsi:nil="true"></Cell><Cell xsi:type="string">245</Cell><Cell xsi:type="string">#</Cell><Cell xsi:type="string">#</Cell><Cell xsi:type="string">TITLE STATEMENT</Cell><Cell xsi:nil="true"></Cell><Cell xsi:nil="true"></Cell><Cell xsi:nil="true"></Cell><Cell xsi:type="decimal">0</Cell></NodeData></Node><Node Id="39" ParentId="38"><NodeData><Cell xsi:type="string">245.a</Cell><Cell xsi:type="string">245</Cell><Cell xsi:type="string">a</Cell><Cell xsi:nil="true"></Cell><Cell xsi:nil="true"></Cell><Cell xsi:type="string">Title</Cell><Cell xsi:type="string">Sherlock Holmes' Puzzles of Deduction</Cell><Cell xsi:nil="true"></Cell><Cell xsi:nil="true"></Cell><Cell xsi:type="decimal">0</Cell></NodeData></Node><Node Id="40" ParentId="38"><NodeData><Cell xsi:type="string">245.b</Cell><Cell xsi:type="string">245</Cell><Cell xsi:type="string">b</Cell><Cell xsi:nil="true"></Cell><Cell xsi:nil="true"></Cell><Cell xsi:type="string">Remainder of title</Cell><Cell xsi:nil="true"></Cell><Cell xsi:nil="true"></Cell><Cell xsi:nil="true"></Cell><Cell xsi:type="decimal">0</Cell></NodeData></Node><Node Id="41" ParentId="38"><NodeData><Cell xsi:type="string">245.c</Cell><Cell xsi:type="string">245</Cell><Cell xsi:type="string">c</Cell><Cell xsi:nil="true"></Cell><Cell xsi:nil="true"></Cell><Cell xsi:type="string">Statement of responsibility, etc.</Cell><Cell xsi:type="string">Bullimore Tom</Cell><Cell xsi:nil="true"></Cell><Cell xsi:nil="true"></Cell><Cell xsi:type="decimal">0</Cell></NodeData></Node><Node Id="42" ParentId="38"><NodeData><Cell xsi:type="string">245.h</Cell><Cell xsi:type="string">245</Cell><Cell xsi:type="string">h</Cell><Cell xsi:nil="true"></Cell><Cell xsi:nil="true"></Cell><Cell xsi:type="string">Medium</Cell><Cell xsi:nil="true"></Cell><Cell xsi:nil="true"></Cell><Cell xsi:nil="true"></Cell><Cell xsi:type="decimal">0</Cell></NodeData></Node><Node Id="43" ParentId="38"><NodeData><Cell xsi:type="string">245.p</Cell><Cell xsi:type="string">245</Cell><Cell xsi:type="string">p</Cell><Cell xsi:nil="true"></Cell><Cell xsi:nil="true"></Cell><Cell xsi:type="string">Name of part/section of a work</Cell><Cell xsi:nil="true"></Cell><Cell xsi:nil="true"></Cell><Cell xsi:nil="true"></Cell><Cell xsi:type="decimal">1</Cell></NodeData></Node><Node Id="44" ParentId="-1"><NodeData><Cell xsi:type="string">246</Cell><Cell xsi:nil="true"></Cell><Cell xsi:type="string">246</Cell><Cell xsi:type="string">#</Cell><Cell xsi:type="string">#</Cell><Cell xsi:type="string">VARYING FORM OF TITLE</Cell><Cell xsi:nil="true"></Cell><Cell xsi:nil="true"></Cell><Cell xsi:nil="true"></Cell><Cell xsi:type="decimal">0</Cell></NodeData></Node><Node Id="45" ParentId="44"><NodeData><Cell xsi:type="string">246.a</Cell><Cell xsi:type="string">246</Cell><Cell xsi:type="string">a</Cell><Cell xsi:nil="true"></Cell><Cell xsi:nil="true"></Cell><Cell xsi:type="string">Title proper/short title</Cell><Cell xsi:nil="true"></Cell><Cell xsi:nil="true"></Cell><Cell xsi:nil="true"></Cell><Cell xsi:type="decimal">0</Cell></NodeData></Node><Node Id="46" ParentId="-1"><NodeData><Cell xsi:type="string">250</Cell><Cell xsi:nil="true"></Cell><Cell xsi:type="string">250</Cell><Cell xsi:type="string">#</Cell><Cell xsi:type="string">#</Cell><Cell xsi:type="string">EDITION STATEMENT</Cell><Cell xsi:nil="true"></Cell><Cell xsi:nil="true"></Cell><Cell xsi:nil="true"></Cell><Cell xsi:type="decimal">0</Cell></NodeData></Node><Node Id="47" ParentId="46"><NodeData><Cell xsi:type="string">250.a</Cell><Cell xsi:type="string">250</Cell><Cell xsi:type="string">a</Cell><Cell xsi:nil="true"></Cell><Cell xsi:nil="true"></Cell><Cell xsi:type="string">Edition statement</Cell><Cell xsi:nil="true"></Cell><Cell xsi:nil="true"></Cell><Cell xsi:nil="true"></Cell><Cell xsi:type="decimal">0</Cell></NodeData></Node><Node Id="48" ParentId="-1"><NodeData><Cell xsi:type="string">260</Cell><Cell xsi:nil="true"></Cell><Cell xsi:type="string">260</Cell><Cell xsi:type="string">#</Cell><Cell xsi:type="string">#</Cell><Cell xsi:type="string">PUBLICATION, DISTRIBUTION, ETC.</Cell><Cell xsi:nil="true"></Cell><Cell xsi:nil="true"></Cell><Cell xsi:nil="true"></Cell><Cell xsi:type="decimal">0</Cell></NodeData></Node><Node Id="49" ParentId="48"><NodeData><Cell xsi:type="string">260.a</Cell><Cell xsi:type="string">260</Cell><Cell xsi:type="string">a</Cell><Cell xsi:nil="true"></Cell><Cell xsi:nil="true"></Cell><Cell xsi:type="string">Place of publication, distribution, etc.</Cell><Cell xsi:type="string">Москва</Cell><Cell xsi:nil="true"></Cell><Cell xsi:nil="true"></Cell><Cell xsi:type="decimal">1</Cell></NodeData></Node><Node Id="50" ParentId="48"><NodeData><Cell xsi:type="string">260.b</Cell><Cell xsi:type="string">260</Cell><Cell xsi:type="string">b</Cell><Cell xsi:nil="true"></Cell><Cell xsi:nil="true"></Cell><Cell xsi:type="string">Name of publisher, distributor, etc.</Cell><Cell xsi:type="string">Рольф</Cell><Cell xsi:nil="true"></Cell><Cell xsi:nil="true"></Cell><Cell xsi:type="decimal">1</Cell></NodeData></Node><Node Id="51" ParentId="48"><NodeData><Cell xsi:type="string">260.c</Cell><Cell xsi:type="string">260</Cell><Cell xsi:type="string">c</Cell><Cell xsi:nil="true"></Cell><Cell xsi:nil="true"></Cell><Cell xsi:type="string">Date of publication, distribution, etc.</Cell><Cell xsi:type="string">2002</Cell><Cell xsi:nil="true"></Cell><Cell xsi:nil="true"></Cell><Cell xsi:type="decimal">1</Cell></NodeData></Node><Node Id="52" ParentId="-1"><NodeData><Cell xsi:type="string">300</Cell><Cell xsi:nil="true"></Cell><Cell xsi:type="string">300</Cell><Cell xsi:type="string">#</Cell><Cell xsi:type="string">#</Cell><Cell xsi:type="string">PHYSICAL DESCRIPTION</Cell><Cell xsi:nil="true"></Cell><Cell xsi:nil="true"></Cell><Cell xsi:nil="true"></Cell><Cell xsi:type="decimal">0</Cell></NodeData></Node><Node Id="53" ParentId="52"><NodeData><Cell xsi:type="string">300.a</Cell><Cell xsi:type="string">300</Cell><Cell xsi:type="string">a</Cell><Cell xsi:nil="true"></Cell><Cell xsi:nil="true"></Cell><Cell xsi:type="string">Extent</Cell><Cell xsi:type="string">160</Cell><Cell xsi:nil="true"></Cell><Cell xsi:nil="true"></Cell><Cell xsi:type="decimal">1</Cell></NodeData></Node><Node Id="54" ParentId="52"><NodeData><Cell xsi:type="string">300.b</Cell><Cell xsi:type="string">300</Cell><Cell xsi:type="string">b</Cell><Cell xsi:nil="true"></Cell><Cell xsi:nil="true"></Cell><Cell xsi:type="string">Other physical details</Cell><Cell xsi:type="string">ill.</Cell><Cell xsi:nil="true"></Cell><Cell xsi:nil="true"></Cell><Cell xsi:type="decimal">0</Cell></NodeData></Node><Node Id="55" ParentId="52"><NodeData><Cell xsi:type="string">300.c</Cell><Cell xsi:type="string">300</Cell><Cell xsi:type="string">c</Cell><Cell xsi:nil="true"></Cell><Cell xsi:nil="true"></Cell><Cell xsi:type="string">Dimensions</Cell><Cell xsi:type="string">21 cm.</Cell><Cell xsi:nil="true"></Cell><Cell xsi:nil="true"></Cell><Cell xsi:type="decimal">1</Cell></NodeData></Node><Node Id="56" ParentId="52"><NodeData><Cell xsi:type="string">300.e</Cell><Cell xsi:type="string">300</Cell><Cell xsi:type="string">e</Cell><Cell xsi:nil="true"></Cell><Cell xsi:nil="true"></Cell><Cell xsi:type="string">Accompanying material</Cell><Cell xsi:nil="true"></Cell><Cell xsi:nil="true"></Cell><Cell xsi:nil="true"></Cell><Cell xsi:type="decimal">0</Cell></NodeData></Node><Node Id="57" ParentId="-1"><NodeData><Cell xsi:type="string">490</Cell><Cell xsi:nil="true"></Cell><Cell xsi:type="string">490</Cell><Cell xsi:type="string">#</Cell><Cell xsi:type="string">#</Cell><Cell xsi:type="string">SERIES STATEMENT</Cell><Cell xsi:nil="true"></Cell><Cell xsi:nil="true"></Cell><Cell xsi:nil="true"></Cell><Cell xsi:type="decimal">0</Cell></NodeData></Node><Node Id="58" ParentId="57"><NodeData><Cell xsi:type="string">490.3</Cell><Cell xsi:type="string">490</Cell><Cell xsi:type="string">3</Cell><Cell xsi:nil="true"></Cell><Cell xsi:nil="true"></Cell><Cell xsi:type="string">Materials specified</Cell><Cell xsi:nil="true"></Cell><Cell xsi:nil="true"></Cell><Cell xsi:nil="true"></Cell><Cell xsi:type="decimal">0</Cell></NodeData></Node><Node Id="59" ParentId="57"><NodeData><Cell xsi:type="string">490.a</Cell><Cell xsi:type="string">490</Cell><Cell xsi:type="string">a</Cell><Cell xsi:nil="true"></Cell><Cell xsi:nil="true"></Cell><Cell xsi:type="string">Series statement</Cell><Cell xsi:nil="true"></Cell><Cell xsi:nil="true"></Cell><Cell xsi:nil="true"></Cell><Cell xsi:type="decimal">1</Cell></NodeData></Node><Node Id="60" ParentId="57"><NodeData><Cell xsi:type="string">490.v</Cell><Cell xsi:type="string">490</Cell><Cell xsi:type="string">v</Cell><Cell xsi:nil="true"></Cell><Cell xsi:nil="true"></Cell><Cell xsi:type="string">Volume/sequential designation</Cell><Cell xsi:nil="true"></Cell><Cell xsi:nil="true"></Cell><Cell xsi:nil="true"></Cell><Cell xsi:type="decimal">1</Cell></NodeData></Node><Node Id="61" ParentId="-1"><NodeData><Cell xsi:type="string">500</Cell><Cell xsi:nil="true"></Cell><Cell xsi:type="string">500</Cell><Cell xsi:type="string">#</Cell><Cell xsi:type="string">#</Cell><Cell xsi:type="string">GENERAL NOTE</Cell><Cell xsi:nil="true"></Cell><Cell xsi:nil="true"></Cell><Cell xsi:nil="true"></Cell><Cell xsi:type="decimal">0</Cell></NodeData></Node><Node Id="62" ParentId="61"><NodeData><Cell xsi:type="string">500.a</Cell><Cell xsi:type="string">500</Cell><Cell xsi:type="string">a</Cell><Cell xsi:nil="true"></Cell><Cell xsi:nil="true"></Cell><Cell xsi:type="string">General note</Cell><Cell xsi:nil="true"></Cell><Cell xsi:nil="true"></Cell><Cell xsi:nil="true"></Cell><Cell xsi:type="decimal">0</Cell></NodeData></Node><Node Id="63" ParentId="-1"><NodeData><Cell xsi:type="string">504</Cell><Cell xsi:nil="true"></Cell><Cell xsi:type="string">504</Cell><Cell xsi:type="string">#</Cell><Cell xsi:type="string">#</Cell><Cell xsi:type="string">BIBLIOGRAPHY, ETC. NOTE</Cell><Cell xsi:nil="true"></Cell><Cell xsi:nil="true"></Cell><Cell xsi:nil="true"></Cell><Cell xsi:type="decimal">0</Cell></NodeData></Node><Node Id="64" ParentId="63"><NodeData><Cell xsi:type="string">504.a</Cell><Cell xsi:type="string">504</Cell><Cell xsi:type="string">a</Cell><Cell xsi:nil="true"></Cell><Cell xsi:nil="true"></Cell><Cell xsi:type="string">Bibliography, etc. note</Cell><Cell xsi:nil="true"></Cell><Cell xsi:nil="true"></Cell><Cell xsi:nil="true"></Cell><Cell xsi:type="decimal">0</Cell></NodeData></Node><Node Id="65" ParentId="-1"><NodeData><Cell xsi:type="string">505</Cell><Cell xsi:nil="true"></Cell><Cell xsi:type="string">505</Cell><Cell xsi:type="string">#</Cell><Cell xsi:type="string">#</Cell><Cell xsi:type="string">FORMATTED CONTENTS NOTE</Cell><Cell xsi:nil="true"></Cell><Cell xsi:nil="true"></Cell><Cell xsi:nil="true"></Cell><Cell xsi:type="decimal">0</Cell></NodeData></Node><Node Id="66" ParentId="65"><NodeData><Cell xsi:type="string">505.a</Cell><Cell xsi:type="string">505</Cell><Cell xsi:type="string">a</Cell><Cell xsi:nil="true"></Cell><Cell xsi:nil="true"></Cell><Cell xsi:type="string">Formatted contents note</Cell><Cell xsi:type="string">no contents</Cell><Cell xsi:nil="true"></Cell><Cell xsi:nil="true"></Cell><Cell xsi:type="decimal">0</Cell></NodeData></Node><Node Id="67" ParentId="-1"><NodeData><Cell xsi:type="string">520</Cell><Cell xsi:nil="true"></Cell><Cell xsi:type="string">520</Cell><Cell xsi:type="string">#</Cell><Cell xsi:type="string">#</Cell><Cell xsi:type="string">SUMMARY, ETC.</Cell><Cell xsi:nil="true"></Cell><Cell xsi:nil="true"></Cell><Cell xsi:nil="true"></Cell><Cell xsi:type="decimal">0</Cell></NodeData></Node><Node Id="68" ParentId="67"><NodeData><Cell xsi:type="string">520.a</Cell><Cell xsi:type="string">520</Cell><Cell xsi:type="string">a</Cell><Cell xsi:nil="true"></Cell><Cell xsi:nil="true"></Cell><Cell xsi:type="string">Summary, etc.</Cell><Cell xsi:type="string">Предлагаемое учебное пособие "Puzzles of Deduction" предназначено для развития навыков чтения, аудирования и устной речи у учащихся средних школ, лицеев, гимназий, а также может быть использовано теми кто изучает английский язык самостоятельно.</Cell><Cell xsi:nil="true"></Cell><Cell xsi:nil="true"></Cell><Cell xsi:type="decimal">0</Cell></NodeData></Node><Node Id="69" ParentId="67"><NodeData><Cell xsi:type="string">520.b</Cell><Cell xsi:type="string">520</Cell><Cell xsi:type="string">b</Cell><Cell xsi:nil="true"></Cell><Cell xsi:nil="true"></Cell><Cell xsi:type="string">Expansion of summary note</Cell><Cell xsi:nil="true"></Cell><Cell xsi:nil="true"></Cell><Cell xsi:nil="true"></Cell><Cell xsi:type="decimal">0</Cell></NodeData></Node><Node Id="70" ParentId="-1"><NodeData><Cell xsi:type="string">546</Cell><Cell xsi:nil="true"></Cell><Cell xsi:type="string">546</Cell><Cell xsi:type="string">#</Cell><Cell xsi:type="string">#</Cell><Cell xsi:type="string">LANGUAGE NOTE</Cell><Cell xsi:nil="true"></Cell><Cell xsi:nil="true"></Cell><Cell xsi:nil="true"></Cell><Cell xsi:type="decimal">0</Cell></NodeData></Node><Node Id="71" ParentId="70"><NodeData><Cell xsi:type="string">546.3</Cell><Cell xsi:type="string">546</Cell><Cell xsi:type="string">3</Cell><Cell xsi:nil="true"></Cell><Cell xsi:nil="true"></Cell><Cell xsi:type="string">Materials specified</Cell><Cell xsi:nil="true"></Cell><Cell xsi:nil="true"></Cell><Cell xsi:nil="true"></Cell><Cell xsi:type="decimal">0</Cell></NodeData></Node><Node Id="72" ParentId="70"><NodeData><Cell xsi:type="string">546.6</Cell><Cell xsi:type="string">546</Cell><Cell xsi:type="string">6</Cell><Cell xsi:nil="true"></Cell><Cell xsi:nil="true"></Cell><Cell xsi:type="string">Linkage</Cell><Cell xsi:nil="true"></Cell><Cell xsi:nil="true"></Cell><Cell xsi:nil="true"></Cell><Cell xsi:type="decimal">0</Cell></NodeData></Node><Node Id="73" ParentId="70"><NodeData><Cell xsi:type="string">546.8</Cell><Cell xsi:type="string">546</Cell><Cell xsi:type="string">8</Cell><Cell xsi:nil="true"></Cell><Cell xsi:nil="true"></Cell><Cell xsi:type="string">Field link and sequence number</Cell><Cell xsi:nil="true"></Cell><Cell xsi:nil="true"></Cell><Cell xsi:nil="true"></Cell><Cell xsi:type="decimal">1</Cell></NodeData></Node><Node Id="74" ParentId="70"><NodeData><Cell xsi:type="string">546.a</Cell><Cell xsi:type="string">546</Cell><Cell xsi:type="string">a</Cell><Cell xsi:nil="true"></Cell><Cell xsi:nil="true"></Cell><Cell xsi:type="string">Language note</Cell><Cell xsi:type="string">eng</Cell><Cell xsi:nil="true"></Cell><Cell xsi:nil="true"></Cell><Cell xsi:type="decimal">0</Cell></NodeData></Node><Node Id="75" ParentId="70"><NodeData><Cell xsi:type="string">546.b</Cell><Cell xsi:type="string">546</Cell><Cell xsi:type="string">b</Cell><Cell xsi:nil="true"></Cell><Cell xsi:nil="true"></Cell><Cell xsi:type="string">Information code or alphabet</Cell><Cell xsi:type="string">Latin</Cell><Cell xsi:nil="true"></Cell><Cell xsi:nil="true"></Cell><Cell xsi:type="decimal">1</Cell></NodeData></Node><Node Id="76" ParentId="70"><NodeData><Cell xsi:type="string">546.z</Cell><Cell xsi:type="string">546</Cell><Cell xsi:type="string">z</Cell><Cell xsi:nil="true"></Cell><Cell xsi:nil="true"></Cell><Cell xsi:type="string">Source of note information (SE) [OBSOLETE]</Cell><Cell xsi:nil="true"></Cell><Cell xsi:nil="true"></Cell><Cell xsi:nil="true"></Cell><Cell xsi:type="decimal">0</Cell></NodeData></Node><Node Id="77" ParentId="-1"><NodeData><Cell xsi:type="string">600</Cell><Cell xsi:nil="true"></Cell><Cell xsi:type="string">600</Cell><Cell xsi:type="string">#</Cell><Cell xsi:type="string">#</Cell><Cell xsi:type="string">SUBJECT ADDED ENTRY--PERSONAL NAME</Cell><Cell xsi:nil="true"></Cell><Cell xsi:nil="true"></Cell><Cell xsi:nil="true"></Cell><Cell xsi:type="decimal">0</Cell></NodeData></Node><Node Id="78" ParentId="77"><NodeData><Cell xsi:type="string">600.2</Cell><Cell xsi:type="string">600</Cell><Cell xsi:type="string">2</Cell><Cell xsi:nil="true"></Cell><Cell xsi:nil="true"></Cell><Cell xsi:type="string">Source of heading or term</Cell><Cell xsi:nil="true"></Cell><Cell xsi:nil="true"></Cell><Cell xsi:nil="true"></Cell><Cell xsi:type="decimal">0</Cell></NodeData></Node><Node Id="79" ParentId="77"><NodeData><Cell xsi:type="string">600.a</Cell><Cell xsi:type="string">600</Cell><Cell xsi:type="string">a</Cell><Cell xsi:nil="true"></Cell><Cell xsi:nil="true"></Cell><Cell xsi:type="string">Personal name</Cell><Cell xsi:nil="true"></Cell><Cell xsi:nil="true"></Cell><Cell xsi:nil="true"></Cell><Cell xsi:type="decimal">1</Cell></NodeData></Node><Node Id="80" ParentId="77"><NodeData><Cell xsi:type="string">600.b</Cell><Cell xsi:type="string">600</Cell><Cell xsi:type="string">b</Cell><Cell xsi:nil="true"></Cell><Cell xsi:nil="true"></Cell><Cell xsi:type="string">Numeration</Cell><Cell xsi:nil="true"></Cell><Cell xsi:nil="true"></Cell><Cell xsi:nil="true"></Cell><Cell xsi:type="decimal">0</Cell></NodeData></Node><Node Id="81" ParentId="77"><NodeData><Cell xsi:type="string">600.c</Cell><Cell xsi:type="string">600</Cell><Cell xsi:type="string">c</Cell><Cell xsi:nil="true"></Cell><Cell xsi:nil="true"></Cell><Cell xsi:type="string">Titles and other words associated with a name</Cell><Cell xsi:nil="true"></Cell><Cell xsi:nil="true"></Cell><Cell xsi:nil="true"></Cell><Cell xsi:type="decimal">1</Cell></NodeData></Node><Node Id="82" ParentId="77"><NodeData><Cell xsi:type="string">600.d</Cell><Cell xsi:type="string">600</Cell><Cell xsi:type="string">d</Cell><Cell xsi:nil="true"></Cell><Cell xsi:nil="true"></Cell><Cell xsi:type="string">Dates associated with a name</Cell><Cell xsi:nil="true"></Cell><Cell xsi:nil="true"></Cell><Cell xsi:nil="true"></Cell><Cell xsi:type="decimal">0</Cell></NodeData></Node><Node Id="83" ParentId="77"><NodeData><Cell xsi:type="string">600.q</Cell><Cell xsi:type="string">600</Cell><Cell xsi:type="string">q</Cell><Cell xsi:nil="true"></Cell><Cell xsi:nil="true"></Cell><Cell xsi:type="string">Fuller form of name</Cell><Cell xsi:nil="true"></Cell><Cell xsi:nil="true"></Cell><Cell xsi:nil="true"></Cell><Cell xsi:type="decimal">0</Cell></NodeData></Node><Node Id="84" ParentId="77"><NodeData><Cell xsi:type="string">600.t</Cell><Cell xsi:type="string">600</Cell><Cell xsi:type="string">t</Cell><Cell xsi:nil="true"></Cell><Cell xsi:nil="true"></Cell><Cell xsi:type="string">Title of a work</Cell><Cell xsi:nil="true"></Cell><Cell xsi:nil="true"></Cell><Cell xsi:nil="true"></Cell><Cell xsi:type="decimal">0</Cell></NodeData></Node><Node Id="85" ParentId="77"><NodeData><Cell xsi:type="string">600.v</Cell><Cell xsi:type="string">600</Cell><Cell xsi:type="string">v</Cell><Cell xsi:nil="true"></Cell><Cell xsi:nil="true"></Cell><Cell xsi:type="string">Form subdivision</Cell><Cell xsi:nil="true"></Cell><Cell xsi:nil="true"></Cell><Cell xsi:nil="true"></Cell><Cell xsi:type="decimal">1</Cell></NodeData></Node><Node Id="86" ParentId="77"><NodeData><Cell xsi:type="string">600.x</Cell><Cell xsi:type="string">600</Cell><Cell xsi:type="string">x</Cell><Cell xsi:nil="true"></Cell><Cell xsi:nil="true"></Cell><Cell xsi:type="string">General subdivision</Cell><Cell xsi:nil="true"></Cell><Cell xsi:nil="true"></Cell><Cell xsi:nil="true"></Cell><Cell xsi:type="decimal">1</Cell></NodeData></Node><Node Id="87" ParentId="77"><NodeData><Cell xsi:type="string">600.y</Cell><Cell xsi:type="string">600</Cell><Cell xsi:type="string">y</Cell><Cell xsi:nil="true"></Cell><Cell xsi:nil="true"></Cell><Cell xsi:type="string">Chronological subdivision</Cell><Cell xsi:nil="true"></Cell><Cell xsi:nil="true"></Cell><Cell xsi:nil="true"></Cell><Cell xsi:type="decimal">1</Cell></NodeData></Node><Node Id="88" ParentId="77"><NodeData><Cell xsi:type="string">600.z</Cell><Cell xsi:type="string">600</Cell><Cell xsi:type="string">z</Cell><Cell xsi:nil="true"></Cell><Cell xsi:nil="true"></Cell><Cell xsi:type="string">Geographic subdivision</Cell><Cell xsi:nil="true"></Cell><Cell xsi:nil="true"></Cell><Cell xsi:nil="true"></Cell><Cell xsi:type="decimal">1</Cell></NodeData></Node><Node Id="89" ParentId="-1"><NodeData><Cell xsi:type="string">610</Cell><Cell xsi:nil="true"></Cell><Cell xsi:type="string">610</Cell><Cell xsi:type="string">#</Cell><Cell xsi:type="string">#</Cell><Cell xsi:type="string">SUBJECT ADDED ENTRY--CORPORATE NAME</Cell><Cell xsi:nil="true"></Cell><Cell xsi:nil="true"></Cell><Cell xsi:nil="true"></Cell><Cell xsi:type="decimal">0</Cell></NodeData></Node><Node Id="90" ParentId="89"><NodeData><Cell xsi:type="string">610.2</Cell><Cell xsi:type="string">610</Cell><Cell xsi:type="string">2</Cell><Cell xsi:nil="true"></Cell><Cell xsi:nil="true"></Cell><Cell xsi:type="string">Source of heading or term</Cell><Cell xsi:nil="true"></Cell><Cell xsi:nil="true"></Cell><Cell xsi:nil="true"></Cell><Cell xsi:type="decimal">0</Cell></NodeData></Node><Node Id="91" ParentId="89"><NodeData><Cell xsi:type="string">610.a</Cell><Cell xsi:type="string">610</Cell><Cell xsi:type="string">a</Cell><Cell xsi:nil="true"></Cell><Cell xsi:nil="true"></Cell><Cell xsi:type="string">Corporate name or jurisdiction name as entry element</Cell><Cell xsi:nil="true"></Cell><Cell xsi:nil="true"></Cell><Cell xsi:nil="true"></Cell><Cell xsi:type="decimal">0</Cell></NodeData></Node><Node Id="92" ParentId="89"><NodeData><Cell xsi:type="string">610.b</Cell><Cell xsi:type="string">610</Cell><Cell xsi:type="string">b</Cell><Cell xsi:nil="true"></Cell><Cell xsi:nil="true"></Cell><Cell xsi:type="string">Subordinate unit</Cell><Cell xsi:nil="true"></Cell><Cell xsi:nil="true"></Cell><Cell xsi:nil="true"></Cell><Cell xsi:type="decimal">1</Cell></NodeData></Node><Node Id="93" ParentId="89"><NodeData><Cell xsi:type="string">610.v</Cell><Cell xsi:type="string">610</Cell><Cell xsi:type="string">v</Cell><Cell xsi:nil="true"></Cell><Cell xsi:nil="true"></Cell><Cell xsi:type="string">Form subdivision</Cell><Cell xsi:nil="true"></Cell><Cell xsi:nil="true"></Cell><Cell xsi:nil="true"></Cell><Cell xsi:type="decimal">1</Cell></NodeData></Node><Node Id="94" ParentId="89"><NodeData><Cell xsi:type="string">610.x</Cell><Cell xsi:type="string">610</Cell><Cell xsi:type="string">x</Cell><Cell xsi:nil="true"></Cell><Cell xsi:nil="true"></Cell><Cell xsi:type="string">General subdivision</Cell><Cell xsi:nil="true"></Cell><Cell xsi:nil="true"></Cell><Cell xsi:nil="true"></Cell><Cell xsi:type="decimal">1</Cell></NodeData></Node><Node Id="95" ParentId="89"><NodeData><Cell xsi:type="string">610.y</Cell><Cell xsi:type="string">610</Cell><Cell xsi:type="string">y</Cell><Cell xsi:nil="true"></Cell><Cell xsi:nil="true"></Cell><Cell xsi:type="string">Chronological subdivision</Cell><Cell xsi:nil="true"></Cell><Cell xsi:nil="true"></Cell><Cell xsi:nil="true"></Cell><Cell xsi:type="decimal">1</Cell></NodeData></Node><Node Id="96" ParentId="89"><NodeData><Cell xsi:type="string">610.z</Cell><Cell xsi:type="string">610</Cell><Cell xsi:type="string">z</Cell><Cell xsi:nil="true"></Cell><Cell xsi:nil="true"></Cell><Cell xsi:type="string">Geographic subdivision</Cell><Cell xsi:nil="true"></Cell><Cell xsi:nil="true"></Cell><Cell xsi:nil="true"></Cell><Cell xsi:type="decimal">1</Cell></NodeData></Node><Node Id="97" ParentId="-1"><NodeData><Cell xsi:type="string">650</Cell><Cell xsi:nil="true"></Cell><Cell xsi:type="string">650</Cell><Cell xsi:type="string">#</Cell><Cell xsi:type="string">#</Cell><Cell xsi:type="string">SUBJECT ADDED ENTRY--TOPICAL TERM</Cell><Cell xsi:nil="true"></Cell><Cell xsi:nil="true"></Cell><Cell xsi:nil="true"></Cell><Cell xsi:type="decimal">0</Cell></NodeData></Node><Node Id="98" ParentId="97"><NodeData><Cell xsi:type="string">650.2</Cell><Cell xsi:type="string">650</Cell><Cell xsi:type="string">2</Cell><Cell xsi:nil="true"></Cell><Cell xsi:nil="true"></Cell><Cell xsi:type="string">Source of heading or term</Cell><Cell xsi:nil="true"></Cell><Cell xsi:nil="true"></Cell><Cell xsi:nil="true"></Cell><Cell xsi:type="decimal">0</Cell></NodeData></Node><Node Id="99" ParentId="97"><NodeData><Cell xsi:type="string">650.a</Cell><Cell xsi:type="string">650</Cell><Cell xsi:type="string">a</Cell><Cell xsi:nil="true"></Cell><Cell xsi:nil="true"></Cell><Cell xsi:type="string">Topical term or geographic name entry element</Cell><Cell xsi:type="string">English literature</Cell><Cell xsi:nil="true"></Cell><Cell xsi:nil="true"></Cell><Cell xsi:type="decimal">0</Cell></NodeData></Node><Node Id="100" ParentId="97"><NodeData><Cell xsi:type="string">650.v</Cell><Cell xsi:type="string">650</Cell><Cell xsi:type="string">v</Cell><Cell xsi:nil="true"></Cell><Cell xsi:nil="true"></Cell><Cell xsi:type="string">Form subdivision</Cell><Cell xsi:type="string">book</Cell><Cell xsi:nil="true"></Cell><Cell xsi:nil="true"></Cell><Cell xsi:type="decimal">1</Cell></NodeData></Node><Node Id="101" ParentId="97"><NodeData><Cell xsi:type="string">650.x</Cell><Cell xsi:type="string">650</Cell><Cell xsi:type="string">x</Cell><Cell xsi:nil="true"></Cell><Cell xsi:nil="true"></Cell><Cell xsi:type="string">General subdivision</Cell><Cell xsi:type="string">Holmes, Sherlock</Cell><Cell xsi:nil="true"></Cell><Cell xsi:nil="true"></Cell><Cell xsi:type="decimal">1</Cell></NodeData></Node><Node Id="102" ParentId="97"><NodeData><Cell xsi:type="string">650.y</Cell><Cell xsi:type="string">650</Cell><Cell xsi:type="string">y</Cell><Cell xsi:nil="true"></Cell><Cell xsi:nil="true"></Cell><Cell xsi:type="string">Chronological subdivision</Cell><Cell xsi:nil="true"></Cell><Cell xsi:nil="true"></Cell><Cell xsi:nil="true"></Cell><Cell xsi:type="decimal">1</Cell></NodeData></Node><Node Id="103" ParentId="97"><NodeData><Cell xsi:type="string">650.z</Cell><Cell xsi:type="string">650</Cell><Cell xsi:type="string">z</Cell><Cell xsi:nil="true"></Cell><Cell xsi:nil="true"></Cell><Cell xsi:type="string">Geographic subdivision</Cell><Cell xsi:nil="true"></Cell><Cell xsi:nil="true"></Cell><Cell xsi:nil="true"></Cell><Cell xsi:type="decimal">1</Cell></NodeData></Node><Node Id="104" ParentId="-1"><NodeData><Cell xsi:type="string">651</Cell><Cell xsi:nil="true"></Cell><Cell xsi:type="string">651</Cell><Cell xsi:type="string">#</Cell><Cell xsi:type="string">#</Cell><Cell xsi:type="string">SUBJECT ADDED ENTRY--GEOGRAPHIC NAME</Cell><Cell xsi:nil="true"></Cell><Cell xsi:nil="true"></Cell><Cell xsi:nil="true"></Cell><Cell xsi:type="decimal">0</Cell></NodeData></Node><Node Id="105" ParentId="104"><NodeData><Cell xsi:type="string">651.2</Cell><Cell xsi:type="string">651</Cell><Cell xsi:type="string">2</Cell><Cell xsi:nil="true"></Cell><Cell xsi:nil="true"></Cell><Cell xsi:type="string">Source of heading or term</Cell><Cell xsi:nil="true"></Cell><Cell xsi:nil="true"></Cell><Cell xsi:nil="true"></Cell><Cell xsi:type="decimal">0</Cell></NodeData></Node><Node Id="106" ParentId="104"><NodeData><Cell xsi:type="string">651.a</Cell><Cell xsi:type="string">651</Cell><Cell xsi:type="string">a</Cell><Cell xsi:nil="true"></Cell><Cell xsi:nil="true"></Cell><Cell xsi:type="string">Geographic name</Cell><Cell xsi:nil="true"></Cell><Cell xsi:nil="true"></Cell><Cell xsi:nil="true"></Cell><Cell xsi:type="decimal">0</Cell></NodeData></Node><Node Id="107" ParentId="104"><NodeData><Cell xsi:type="string">651.v</Cell><Cell xsi:type="string">651</Cell><Cell xsi:type="string">v</Cell><Cell xsi:nil="true"></Cell><Cell xsi:nil="true"></Cell><Cell xsi:type="string">Form subdivision</Cell><Cell xsi:nil="true"></Cell><Cell xsi:nil="true"></Cell><Cell xsi:nil="true"></Cell><Cell xsi:type="decimal">1</Cell></NodeData></Node><Node Id="108" ParentId="104"><NodeData><Cell xsi:type="string">651.x</Cell><Cell xsi:type="string">651</Cell><Cell xsi:type="string">x</Cell><Cell xsi:nil="true"></Cell><Cell xsi:nil="true"></Cell><Cell xsi:type="string">General subdivision</Cell><Cell xsi:nil="true"></Cell><Cell xsi:nil="true"></Cell><Cell xsi:nil="true"></Cell><Cell xsi:type="decimal">1</Cell></NodeData></Node><Node Id="109" ParentId="104"><NodeData><Cell xsi:type="string">651.y</Cell><Cell xsi:type="string">651</Cell><Cell xsi:type="string">y</Cell><Cell xsi:nil="true"></Cell><Cell xsi:nil="true"></Cell><Cell xsi:type="string">Chronological subdivision</Cell><Cell xsi:nil="true"></Cell><Cell xsi:nil="true"></Cell><Cell xsi:nil="true"></Cell><Cell xsi:type="decimal">1</Cell></NodeData></Node><Node Id="110" ParentId="104"><NodeData><Cell xsi:type="string">651.z</Cell><Cell xsi:type="string">651</Cell><Cell xsi:type="string">z</Cell><Cell xsi:nil="true"></Cell><Cell xsi:nil="true"></Cell><Cell xsi:type="string">Geographic subdivision</Cell><Cell xsi:nil="true"></Cell><Cell xsi:nil="true"></Cell><Cell xsi:nil="true"></Cell><Cell xsi:type="decimal">1</Cell></NodeData></Node><Node Id="111" ParentId="-1"><NodeData><Cell xsi:type="string">655</Cell><Cell xsi:nil="true"></Cell><Cell xsi:type="string">655</Cell><Cell xsi:type="string">#</Cell><Cell xsi:type="string">#</Cell><Cell xsi:type="string">INDEX TERM--GENRE/FORM</Cell><Cell xsi:nil="true"></Cell><Cell xsi:nil="true"></Cell><Cell xsi:nil="true"></Cell><Cell xsi:type="decimal">0</Cell></NodeData></Node><Node Id="112" ParentId="111"><NodeData><Cell xsi:type="string">655.a</Cell><Cell xsi:type="string">655</Cell><Cell xsi:type="string">a</Cell><Cell xsi:nil="true"></Cell><Cell xsi:nil="true"></Cell><Cell xsi:type="string">Genre/form data or focus term</Cell><Cell xsi:nil="true"></Cell><Cell xsi:nil="true"></Cell><Cell xsi:nil="true"></Cell><Cell xsi:type="decimal">0</Cell></NodeData></Node><Node Id="113" ParentId="-1"><NodeData><Cell xsi:type="string">700</Cell><Cell xsi:nil="true"></Cell><Cell xsi:type="string">700</Cell><Cell xsi:type="string">#</Cell><Cell xsi:type="string">#</Cell><Cell xsi:type="string">ADDED ENTRY--PERSONAL NAME</Cell><Cell xsi:nil="true"></Cell><Cell xsi:nil="true"></Cell><Cell xsi:nil="true"></Cell><Cell xsi:type="decimal">0</Cell></NodeData></Node><Node Id="114" ParentId="113"><NodeData><Cell xsi:type="string">700.4</Cell><Cell xsi:type="string">700</Cell><Cell xsi:type="string">4</Cell><Cell xsi:nil="true"></Cell><Cell xsi:nil="true"></Cell><Cell xsi:type="string">Relationship</Cell><Cell xsi:nil="true"></Cell><Cell xsi:nil="true"></Cell><Cell xsi:nil="true"></Cell><Cell xsi:type="decimal">1</Cell></NodeData></Node><Node Id="115" ParentId="113"><NodeData><Cell xsi:type="string">700.a</Cell><Cell xsi:type="string">700</Cell><Cell xsi:type="string">a</Cell><Cell xsi:nil="true"></Cell><Cell xsi:nil="true"></Cell><Cell xsi:type="string">Personal name</Cell><Cell xsi:nil="true"></Cell><Cell xsi:nil="true"></Cell><Cell xsi:nil="true"></Cell><Cell xsi:type="decimal">1</Cell></NodeData></Node><Node Id="116" ParentId="113"><NodeData><Cell xsi:type="string">700.b</Cell><Cell xsi:type="string">700</Cell><Cell xsi:type="string">b</Cell><Cell xsi:nil="true"></Cell><Cell xsi:nil="true"></Cell><Cell xsi:type="string">Numeration</Cell><Cell xsi:nil="true"></Cell><Cell xsi:nil="true"></Cell><Cell xsi:nil="true"></Cell><Cell xsi:type="decimal">0</Cell></NodeData></Node><Node Id="117" ParentId="113"><NodeData><Cell xsi:type="string">700.c</Cell><Cell xsi:type="string">700</Cell><Cell xsi:type="string">c</Cell><Cell xsi:nil="true"></Cell><Cell xsi:nil="true"></Cell><Cell xsi:type="string">Titles and other words associated with a name</Cell><Cell xsi:nil="true"></Cell><Cell xsi:nil="true"></Cell><Cell xsi:nil="true"></Cell><Cell xsi:type="decimal">1</Cell></NodeData></Node><Node Id="118" ParentId="113"><NodeData><Cell xsi:type="string">700.d</Cell><Cell xsi:type="string">700</Cell><Cell xsi:type="string">d</Cell><Cell xsi:nil="true"></Cell><Cell xsi:nil="true"></Cell><Cell xsi:type="string">Dates associated with a name</Cell><Cell xsi:nil="true"></Cell><Cell xsi:nil="true"></Cell><Cell xsi:nil="true"></Cell><Cell xsi:type="decimal">0</Cell></NodeData></Node><Node Id="119" ParentId="113"><NodeData><Cell xsi:type="string">700.e</Cell><Cell xsi:type="string">700</Cell><Cell xsi:type="string">e</Cell><Cell xsi:nil="true"></Cell><Cell xsi:nil="true"></Cell><Cell xsi:type="string">Relator term</Cell><Cell xsi:nil="true"></Cell><Cell xsi:nil="true"></Cell><Cell xsi:nil="true"></Cell><Cell xsi:type="decimal">1</Cell></NodeData></Node><Node Id="120" ParentId="113"><NodeData><Cell xsi:type="string">700.q</Cell><Cell xsi:type="string">700</Cell><Cell xsi:type="string">q</Cell><Cell xsi:nil="true"></Cell><Cell xsi:nil="true"></Cell><Cell xsi:type="string">Fuller form of name</Cell><Cell xsi:nil="true"></Cell><Cell xsi:nil="true"></Cell><Cell xsi:nil="true"></Cell><Cell xsi:type="decimal">0</Cell></NodeData></Node><Node Id="121" ParentId="-1"><NodeData><Cell xsi:type="string">710</Cell><Cell xsi:nil="true"></Cell><Cell xsi:type="string">710</Cell><Cell xsi:type="string">#</Cell><Cell xsi:type="string">#</Cell><Cell xsi:type="string">ADDED ENTRY--CORPORATE NAME</Cell><Cell xsi:nil="true"></Cell><Cell xsi:nil="true"></Cell><Cell xsi:nil="true"></Cell><Cell xsi:type="decimal">0</Cell></NodeData></Node><Node Id="122" ParentId="121"><NodeData><Cell xsi:type="string">710.a</Cell><Cell xsi:type="string">710</Cell><Cell xsi:type="string">a</Cell><Cell xsi:nil="true"></Cell><Cell xsi:nil="true"></Cell><Cell xsi:type="string">Corporate name or jurisdiction name as entry element</Cell><Cell xsi:nil="true"></Cell><Cell xsi:nil="true"></Cell><Cell xsi:nil="true"></Cell><Cell xsi:type="decimal">0</Cell></NodeData></Node><Node Id="123" ParentId="121"><NodeData><Cell xsi:type="string">710.b</Cell><Cell xsi:type="string">710</Cell><Cell xsi:type="string">b</Cell><Cell xsi:nil="true"></Cell><Cell xsi:nil="true"></Cell><Cell xsi:type="string">Subordinate unit</Cell><Cell xsi:nil="true"></Cell><Cell xsi:nil="true"></Cell><Cell xsi:nil="true"></Cell><Cell xsi:type="decimal">1</Cell></NodeData></Node><Node Id="124" ParentId="-1"><NodeData><Cell xsi:type="string">740</Cell><Cell xsi:nil="true"></Cell><Cell xsi:type="string">740</Cell><Cell xsi:type="string">#</Cell><Cell xsi:type="string">#</Cell><Cell xsi:type="string">ADDED ENTRY--UNCONTROLLED RELATED/ANALYTICAL TITLE</Cell><Cell xsi:nil="true"></Cell><Cell xsi:nil="true"></Cell><Cell xsi:nil="true"></Cell><Cell xsi:type="decimal">0</Cell></NodeData></Node><Node Id="125" ParentId="124"><NodeData><Cell xsi:type="string">740.a</Cell><Cell xsi:type="string">740</Cell><Cell xsi:type="string">a</Cell><Cell xsi:nil="true"></Cell><Cell xsi:nil="true"></Cell><Cell xsi:type="string">Uncontrolled related/analytical title</Cell><Cell xsi:nil="true"></Cell><Cell xsi:nil="true"></Cell><Cell xsi:nil="true"></Cell><Cell xsi:type="decimal">0</Cell></NodeData></Node><Node Id="126" ParentId="-1"><NodeData><Cell xsi:type="string">800</Cell><Cell xsi:nil="true"></Cell><Cell xsi:type="string">800</Cell><Cell xsi:type="string">#</Cell><Cell xsi:type="string">#</Cell><Cell xsi:type="string">SERIES ADDED ENTRY--PERSONAL NAME</Cell><Cell xsi:nil="true"></Cell><Cell xsi:nil="true"></Cell><Cell xsi:nil="true"></Cell><Cell xsi:type="decimal">0</Cell></NodeData></Node><Node Id="127" ParentId="126"><NodeData><Cell xsi:type="string">800.a</Cell><Cell xsi:type="string">800</Cell><Cell xsi:type="string">a</Cell><Cell xsi:nil="true"></Cell><Cell xsi:nil="true"></Cell><Cell xsi:type="string">Personal name</Cell><Cell xsi:nil="true"></Cell><Cell xsi:nil="true"></Cell><Cell xsi:nil="true"></Cell><Cell xsi:type="decimal">0</Cell></NodeData></Node><Node Id="128" ParentId="126"><NodeData><Cell xsi:type="string">800.b</Cell><Cell xsi:type="string">800</Cell><Cell xsi:type="string">b</Cell><Cell xsi:nil="true"></Cell><Cell xsi:nil="true"></Cell><Cell xsi:type="string">Numeration</Cell><Cell xsi:nil="true"></Cell><Cell xsi:nil="true"></Cell><Cell xsi:nil="true"></Cell><Cell xsi:type="decimal">0</Cell></NodeData></Node><Node Id="129" ParentId="126"><NodeData><Cell xsi:type="string">800.c</Cell><Cell xsi:type="string">800</Cell><Cell xsi:type="string">c</Cell><Cell xsi:nil="true"></Cell><Cell xsi:nil="true"></Cell><Cell xsi:type="string">Titles and other words associated with a name</Cell><Cell xsi:nil="true"></Cell><Cell xsi:nil="true"></Cell><Cell xsi:nil="true"></Cell><Cell xsi:type="decimal">1</Cell></NodeData></Node><Node Id="130" ParentId="126"><NodeData><Cell xsi:type="string">800.d</Cell><Cell xsi:type="string">800</Cell><Cell xsi:type="string">d</Cell><Cell xsi:nil="true"></Cell><Cell xsi:nil="true"></Cell><Cell xsi:type="string">Dates associated with a name</Cell><Cell xsi:nil="true"></Cell><Cell xsi:nil="true"></Cell><Cell xsi:nil="true"></Cell><Cell xsi:type="decimal">0</Cell></NodeData></Node><Node Id="131" ParentId="126"><NodeData><Cell xsi:type="string">800.q</Cell><Cell xsi:type="string">800</Cell><Cell xsi:type="string">q</Cell><Cell xsi:nil="true"></Cell><Cell xsi:nil="true"></Cell><Cell xsi:type="string">Fuller form of name</Cell><Cell xsi:nil="true"></Cell><Cell xsi:nil="true"></Cell><Cell xsi:nil="true"></Cell><Cell xsi:type="decimal">0</Cell></NodeData></Node><Node Id="132" ParentId="126"><NodeData><Cell xsi:type="string">800.t</Cell><Cell xsi:type="string">800</Cell><Cell xsi:type="string">t</Cell><Cell xsi:nil="true"></Cell><Cell xsi:nil="true"></Cell><Cell xsi:type="string">Title of a work</Cell><Cell xsi:nil="true"></Cell><Cell xsi:nil="true"></Cell><Cell xsi:nil="true"></Cell><Cell xsi:type="decimal">0</Cell></NodeData></Node><Node Id="133" ParentId="126"><NodeData><Cell xsi:type="string">800.v</Cell><Cell xsi:type="string">800</Cell><Cell xsi:type="string">v</Cell><Cell xsi:nil="true"></Cell><Cell xsi:nil="true"></Cell><Cell xsi:type="string">Volume/sequential designation</Cell><Cell xsi:nil="true"></Cell><Cell xsi:nil="true"></Cell><Cell xsi:nil="true"></Cell><Cell xsi:type="decimal">0</Cell></NodeData></Node><Node Id="134" ParentId="-1"><NodeData><Cell xsi:type="string">830</Cell><Cell xsi:nil="true"></Cell><Cell xsi:type="string">830</Cell><Cell xsi:type="string">#</Cell><Cell xsi:type="string">#</Cell><Cell xsi:type="string">SERIES ADDED ENTRY--UNIFORM TITLE</Cell><Cell xsi:nil="true"></Cell><Cell xsi:nil="true"></Cell><Cell xsi:nil="true"></Cell><Cell xsi:type="decimal">0</Cell></NodeData></Node><Node Id="135" ParentId="134"><NodeData><Cell xsi:type="string">830.a</Cell><Cell xsi:type="string">830</Cell><Cell xsi:type="string">a</Cell><Cell xsi:nil="true"></Cell><Cell xsi:nil="true"></Cell><Cell xsi:type="string">Uniform title</Cell><Cell xsi:nil="true"></Cell><Cell xsi:nil="true"></Cell><Cell xsi:nil="true"></Cell><Cell xsi:type="decimal">0</Cell></NodeData></Node><Node Id="136" ParentId="134"><NodeData><Cell xsi:type="string">830.v</Cell><Cell xsi:type="string">830</Cell><Cell xsi:type="string">v</Cell><Cell xsi:nil="true"></Cell><Cell xsi:nil="true"></Cell><Cell xsi:type="string">Volume/sequential designation</Cell><Cell xsi:nil="true"></Cell><Cell xsi:nil="true"></Cell><Cell xsi:nil="true"></Cell><Cell xsi:type="decimal">0</Cell></NodeData></Node><Node Id="137" ParentId="134"><NodeData><Cell xsi:type="string">010.n</Cell><Cell xsi:type="string">010</Cell><Cell xsi:type="string">n</Cell><Cell xsi:nil="true"></Cell><Cell xsi:nil="true"></Cell><Cell xsi:type="string">Subdivided Subject</Cell><Cell xsi:type="string">.H55</Cell><Cell xsi:nil="true"></Cell><Cell xsi:nil="true"></Cell><Cell xsi:type="decimal"></Cell></NodeData></Node><Node Id="138" ParentId="134"><NodeData><Cell xsi:type="string">100.c</Cell><Cell xsi:type="string">100</Cell><Cell xsi:type="string">c</Cell><Cell xsi:nil="true"></Cell><Cell xsi:nil="true"></Cell><Cell xsi:type="string">Titles and words associated with a name</Cell><Cell xsi:type="string">1</Cell><Cell xsi:nil="true"></Cell><Cell xsi:nil="true"></Cell><Cell xsi:type="decimal"></Cell></NodeData></Node></Nodes></TreeList>
